method,mitigation,attribute,comparison,n_base_resumes,n_resume_job_rows,mean_signed_gap,signed_low,signed_high,mean_abs_gap,abs_low,abs_high,max_abs_gap,share_material,flip_rate,n_flip_rows,p_wilcoxon,p_holm
embedding,none,name_cue,female_minus_male,24,48,-0.048275,-0.433886,0.315390,0.957199,0.755825,1.162652,2.297260,0.083333,,0,0.921809,1.000000
embedding,none,name_cue,malay_minus_chinese,24,48,0.705156,0.183618,1.199372,1.599365,1.380240,1.813826,3.281775,0.354167,,0,0.019442,0.272187
embedding,none,name_cue,indian_minus_chinese,24,48,0.922037,0.180212,1.660249,1.970094,1.613747,2.353956,4.852410,0.437500,,0,0.049061,0.637795
embedding,none,name_cue,indian_minus_malay,24,48,0.216881,-0.532113,0.959697,1.580153,1.194881,2.010334,6.282739,0.291667,,0,0.583806,1.000000
embedding,none,name_cue,name_spread,24,48,,,,4.323243,3.803802,4.872156,9.187378,0.958333,0.145833,48,,
embedding,none,career_gap,with_break_minus_without,24,48,0.380674,-0.229281,1.172281,1.183555,0.741134,1.831552,8.146857,0.145833,0.041667,48,0.508766,1.000000
embedding,none,institution,higher_minus_comparison,24,48,0.125787,-0.060301,0.305654,0.407814,0.303447,0.519663,1.382150,0,0.020833,48,0.143350,1.000000
embedding,none,formatting,alternative_minus_standard,24,48,-0.755345,-1.696630,0.207778,2.017890,1.442332,2.645717,7.227793,0.333333,0.083333,48,0.089373,1.000000
embedding,anonymised,name_cue,female_minus_male,24,48,0.000000,0.000000,0.000000,0.000000,0.000000,0.000000,0.000000,0,,0,,
embedding,anonymised,name_cue,malay_minus_chinese,24,48,0.000000,0.000000,0.000000,0.000000,0.000000,0.000000,0.000000,0,,0,,
embedding,anonymised,name_cue,indian_minus_chinese,24,48,0.000000,0.000000,0.000000,0.000000,0.000000,0.000000,0.000000,0,,0,,
embedding,anonymised,name_cue,indian_minus_malay,24,48,0.000000,0.000000,0.000000,0.000000,0.000000,0.000000,0.000000,0,,0,,
embedding,anonymised,name_cue,name_spread,24,48,,,,0.000000,0.000000,0.000000,0.000000,0,0,48,,
embedding,anonymised,career_gap,with_break_minus_without,24,48,0.156662,-0.559500,0.886656,1.518317,1.116117,1.963768,5.628728,0.291667,0.062500,48,0.855336,1.000000
embedding,anonymised,institution,higher_minus_comparison,24,48,0.025443,-0.157622,0.206320,0.374911,0.271690,0.493983,1.384717,0,0,48,0.811536,1.000000
embedding,anonymised,formatting,alternative_minus_standard,24,48,-0.647256,-1.711688,0.302206,1.942884,1.334146,2.723475,9.346824,0.354167,0.020833,48,0.330505,1.000000
embedding,structured_evidence,name_cue,female_minus_male,24,48,0.000000,0.000000,0.000000,0.000000,0.000000,0.000000,0.000000,0,,0,,
embedding,structured_evidence,name_cue,malay_minus_chinese,24,48,0.000000,0.000000,0.000000,0.000000,0.000000,0.000000,0.000000,0,,0,,
embedding,structured_evidence,name_cue,indian_minus_chinese,24,48,0.000000,0.000000,0.000000,0.000000,0.000000,0.000000,0.000000,0,,0,,
embedding,structured_evidence,name_cue,indian_minus_malay,24,48,0.000000,0.000000,0.000000,0.000000,0.000000,0.000000,0.000000,0,,0,,
embedding,structured_evidence,name_cue,name_spread,24,48,,,,0.000000,0.000000,0.000000,0.000000,0,0,48,,
embedding,structured_evidence,career_gap,with_break_minus_without,24,48,0.000000,0.000000,0.000000,0.000000,0.000000,0.000000,0.000000,0,0,48,,
embedding,structured_evidence,institution,higher_minus_comparison,24,48,0.000000,0.000000,0.000000,0.000000,0.000000,0.000000,0.000000,0,0,48,,
embedding,structured_evidence,formatting,alternative_minus_standard,24,48,0.000000,0.000000,0.000000,0.000000,0.000000,0.000000,0.000000,0,0,48,,
embedding_sectioned,none,name_cue,female_minus_male,24,48,-0.034082,-0.080865,0.014349,0.127920,0.111858,0.144419,0.282114,0,,0,0.197378,1.000000
embedding_sectioned,none,name_cue,malay_minus_chinese,24,48,0.048774,-0.048896,0.140818,0.224516,0.180038,0.269912,0.551294,0,,0,0.230116,1.000000
embedding_sectioned,none,name_cue,indian_minus_chinese,24,48,0.063411,0.002057,0.125621,0.155047,0.122525,0.191526,0.434245,0,,0,0.170220,1.000000
embedding_sectioned,none,name_cue,indian_minus_malay,24,48,0.014636,-0.072070,0.108867,0.174524,0.116593,0.235907,0.624962,0,,0,0.775063,1.000000
embedding_sectioned,none,name_cue,name_spread,24,48,,,,0.464202,0.422546,0.506179,0.749221,0,0.020833,48,,
embedding_sectioned,none,career_gap,with_break_minus_without,24,48,0.493094,0.232708,0.750906,0.733774,0.577961,0.902392,1.935781,0,0.062500,48,0.001093,0.019668
embedding_sectioned,none,institution,higher_minus_comparison,24,48,-0.177126,-0.290405,-0.064310,0.272986,0.197402,0.353784,0.712657,0,0,48,0.004811,0.076971
embedding_sectioned,none,formatting,alternative_minus_standard,24,48,-0.469501,-0.650393,-0.295655,0.527421,0.386633,0.683093,1.987423,0,0,48,0.000025,0.000494
embedding_sectioned,anonymised,name_cue,female_minus_male,24,48,0.000000,0.000000,0.000000,0.000000,0.000000,0.000000,0.000000,0,,0,,
embedding_sectioned,anonymised,name_cue,malay_minus_chinese,24,48,0.000000,0.000000,0.000000,0.000000,0.000000,0.000000,0.000000,0,,0,,
embedding_sectioned,anonymised,name_cue,indian_minus_chinese,24,48,0.000000,0.000000,0.000000,0.000000,0.000000,0.000000,0.000000,0,,0,,
embedding_sectioned,anonymised,name_cue,indian_minus_malay,24,48,0.000000,0.000000,0.000000,0.000000,0.000000,0.000000,0.000000,0,,0,,
embedding_sectioned,anonymised,name_cue,name_spread,24,48,,,,0.000000,0.000000,0.000000,0.000000,0,0,48,,
embedding_sectioned,anonymised,career_gap,with_break_minus_without,24,48,0.493094,0.232708,0.750906,0.733774,0.577961,0.902392,1.935781,0,0.041667,48,0.001093,0.019668
embedding_sectioned,anonymised,institution,higher_minus_comparison,24,48,-0.177126,-0.290405,-0.064310,0.272986,0.197402,0.353784,0.712658,0,0,48,0.004811,0.076971
embedding_sectioned,anonymised,formatting,alternative_minus_standard,24,48,-0.469501,-0.650393,-0.295656,0.527421,0.386634,0.683093,1.987423,0,0.020833,48,0.000025,0.000494
keyword,none,name_cue,female_minus_male,24,48,0.000000,0.000000,0.000000,0.000000,0.000000,0.000000,0.000000,0,,0,,
keyword,none,name_cue,malay_minus_chinese,24,48,0.000000,0.000000,0.000000,0.000000,0.000000,0.000000,0.000000,0,,0,,
keyword,none,name_cue,indian_minus_chinese,24,48,0.000000,0.000000,0.000000,0.000000,0.000000,0.000000,0.000000,0,,0,,
keyword,none,name_cue,indian_minus_malay,24,48,0.000000,0.000000,0.000000,0.000000,0.000000,0.000000,0.000000,0,,0,,
keyword,none,name_cue,name_spread,24,48,,,,0.000000,0.000000,0.000000,0.000000,0,0,48,,
keyword,none,career_gap,with_break_minus_without,24,48,0.000000,0.000000,0.000000,0.000000,0.000000,0.000000,0.000000,0,0,48,,
keyword,none,institution,higher_minus_comparison,24,48,0.000000,0.000000,0.000000,0.000000,0.000000,0.000000,0.000000,0,0,48,,
keyword,none,formatting,alternative_minus_standard,24,48,0.000000,0.000000,0.000000,0.000000,0.000000,0.000000,0.000000,0,0,48,,
