method,mitigation,job_id,tier_accuracy,spearman
embedding,none,DA-01,0.875000,0.780720
embedding,none,DA-02,0.833333,0.731925
embedding,none,MA-01,0.833333,0.731925
embedding,none,MA-02,0.833333,0.731925
embedding,none,SE-01,0.625000,0.341565
embedding,none,SE-02,0.958333,0.927105
embedding,anonymised,DA-01,1.000000,0.975900
embedding,anonymised,DA-02,0.958333,0.927105
embedding,anonymised,MA-01,0.875000,0.829515
embedding,anonymised,MA-02,0.916667,0.878310
embedding,anonymised,SE-01,0.625000,0.341565
embedding,anonymised,SE-02,1.000000,0.975900
embedding,structured_evidence,DA-01,0.750000,0.585540
embedding,structured_evidence,DA-02,1.000000,0.975900
embedding,structured_evidence,MA-01,0.875000,0.829515
embedding,structured_evidence,MA-02,0.666667,0.487950
embedding,structured_evidence,SE-01,0.833333,0.780720
embedding,structured_evidence,SE-02,1.000000,0.975900
embedding_sectioned,none,DA-01,1.000000,0.975900
embedding_sectioned,none,DA-02,1.000000,0.975900
embedding_sectioned,none,MA-01,0.833333,0.731925
embedding_sectioned,none,MA-02,0.791667,0.683130
embedding_sectioned,none,SE-01,0.750000,0.585540
embedding_sectioned,none,SE-02,0.958333,0.927105
embedding_sectioned,anonymised,DA-01,1.000000,0.975900
embedding_sectioned,anonymised,DA-02,1.000000,0.975900
embedding_sectioned,anonymised,MA-01,0.833333,0.731925
embedding_sectioned,anonymised,MA-02,0.791667,0.683130
embedding_sectioned,anonymised,SE-01,0.750000,0.585540
embedding_sectioned,anonymised,SE-02,0.958333,0.927105
keyword,none,DA-01,0.958333,0.927105
keyword,none,DA-02,1.000000,0.987730
keyword,none,MA-01,0.875000,0.850000
keyword,none,MA-02,0.916667,0.888957
keyword,none,SE-01,1.000000,0.975900
keyword,none,SE-02,1.000000,0.987730
