resume_id,job_id,competency_id,competency_name,weight,level,note
DA-R06,DA-01,sql,SQL querying,0.25,,
DA-R06,DA-01,spreadsheet_analysis,Spreadsheet analysis,0.15,,
DA-R06,DA-01,dashboarding,Dashboarding and BI,0.20,,
DA-R06,DA-01,statistical_reasoning,Statistical reasoning and forecasting,0.15,,
DA-R06,DA-01,data_quality,Data cleaning and quality,0.10,,
DA-R06,DA-01,stakeholder_communication,Stakeholder communication,0.15,,
DA-R06,DA-02,sql,SQL on event data,0.25,,
DA-R06,DA-02,experimentation,Experiment design and analysis,0.20,,
DA-R06,DA-02,product_metrics,Product metrics,0.20,,
DA-R06,DA-02,python_analysis,Python or R for analysis,0.10,,
DA-R06,DA-02,dashboarding,Dashboarding,0.10,,
DA-R06,DA-02,stakeholder_communication,Stakeholder communication,0.15,,
SE-R07,SE-01,backend_language,Backend programming language,0.20,,
SE-R07,SE-01,api_design,API design and development,0.20,,
SE-R07,SE-01,relational_databases,Relational databases,0.15,,
SE-R07,SE-01,automated_testing,Automated testing,0.15,,
SE-R07,SE-01,cloud_deployment,"Containers, cloud and CI/CD",0.15,,
SE-R07,SE-01,production_debugging,Production support and debugging,0.10,,
SE-R07,SE-01,collaboration,Code review and collaboration,0.05,,
SE-R07,SE-02,javascript_typescript,JavaScript and TypeScript,0.20,,
SE-R07,SE-02,react,React,0.20,,
SE-R07,SE-02,accessibility_responsive,Accessibility and responsive design,0.15,,
SE-R07,SE-02,frontend_testing,Frontend testing,0.15,,
SE-R07,SE-02,api_integration,API integration and state,0.15,,
SE-R07,SE-02,web_performance,Web performance,0.10,,
SE-R07,SE-02,design_collaboration,Design collaboration,0.05,,
DA-R03,DA-01,sql,SQL querying,0.25,,
DA-R03,DA-01,spreadsheet_analysis,Spreadsheet analysis,0.15,,
DA-R03,DA-01,dashboarding,Dashboarding and BI,0.20,,
DA-R03,DA-01,statistical_reasoning,Statistical reasoning and forecasting,0.15,,
DA-R03,DA-01,data_quality,Data cleaning and quality,0.10,,
DA-R03,DA-01,stakeholder_communication,Stakeholder communication,0.15,,
DA-R03,DA-02,sql,SQL on event data,0.25,,
DA-R03,DA-02,experimentation,Experiment design and analysis,0.20,,
DA-R03,DA-02,product_metrics,Product metrics,0.20,,
DA-R03,DA-02,python_analysis,Python or R for analysis,0.10,,
DA-R03,DA-02,dashboarding,Dashboarding,0.10,,
DA-R03,DA-02,stakeholder_communication,Stakeholder communication,0.15,,
SE-R05,SE-01,backend_language,Backend programming language,0.20,,
SE-R05,SE-01,api_design,API design and development,0.20,,
SE-R05,SE-01,relational_databases,Relational databases,0.15,,
SE-R05,SE-01,automated_testing,Automated testing,0.15,,
SE-R05,SE-01,cloud_deployment,"Containers, cloud and CI/CD",0.15,,
SE-R05,SE-01,production_debugging,Production support and debugging,0.10,,
SE-R05,SE-01,collaboration,Code review and collaboration,0.05,,
SE-R05,SE-02,javascript_typescript,JavaScript and TypeScript,0.20,,
SE-R05,SE-02,react,React,0.20,,
SE-R05,SE-02,accessibility_responsive,Accessibility and responsive design,0.15,,
SE-R05,SE-02,frontend_testing,Frontend testing,0.15,,
SE-R05,SE-02,api_integration,API integration and state,0.15,,
SE-R05,SE-02,web_performance,Web performance,0.10,,
SE-R05,SE-02,design_collaboration,Design collaboration,0.05,,
SE-R06,SE-01,backend_language,Backend programming language,0.20,,
SE-R06,SE-01,api_design,API design and development,0.20,,
SE-R06,SE-01,relational_databases,Relational databases,0.15,,
SE-R06,SE-01,automated_testing,Automated testing,0.15,,
SE-R06,SE-01,cloud_deployment,"Containers, cloud and CI/CD",0.15,,
SE-R06,SE-01,production_debugging,Production support and debugging,0.10,,
SE-R06,SE-01,collaboration,Code review and collaboration,0.05,,
SE-R06,SE-02,javascript_typescript,JavaScript and TypeScript,0.20,,
SE-R06,SE-02,react,React,0.20,,
SE-R06,SE-02,accessibility_responsive,Accessibility and responsive design,0.15,,
SE-R06,SE-02,frontend_testing,Frontend testing,0.15,,
SE-R06,SE-02,api_integration,API integration and state,0.15,,
SE-R06,SE-02,web_performance,Web performance,0.10,,
SE-R06,SE-02,design_collaboration,Design collaboration,0.05,,
MA-R03,MA-01,paid_media,Paid media platforms,0.20,,
MA-R03,MA-01,funnel_attribution,Funnel and attribution analysis,0.20,,
MA-R03,MA-01,campaign_testing,Campaign testing,0.15,,
MA-R03,MA-01,data_tools,SQL and spreadsheets,0.15,,
MA-R03,MA-01,budget_optimisation,Budget and efficiency optimisation,0.15,,
MA-R03,MA-01,reporting_dashboards,Reporting dashboards,0.10,,
MA-R03,MA-01,stakeholder_communication,Stakeholder communication,0.05,,
MA-R03,MA-02,customer_segmentation,Customer segmentation,0.20,,
MA-R03,MA-02,retention_analysis,Retention and lifetime value,0.20,,
MA-R03,MA-02,crm_platforms,CRM and campaign platforms,0.15,,
MA-R03,MA-02,data_tools,"SQL, spreadsheets or Python",0.20,,
MA-R03,MA-02,survey_research,Survey and customer research,0.10,,
MA-R03,MA-02,insight_storytelling,Insight storytelling,0.15,,
DA-R04,DA-01,sql,SQL querying,0.25,,
DA-R04,DA-01,spreadsheet_analysis,Spreadsheet analysis,0.15,,
DA-R04,DA-01,dashboarding,Dashboarding and BI,0.20,,
DA-R04,DA-01,statistical_reasoning,Statistical reasoning and forecasting,0.15,,
DA-R04,DA-01,data_quality,Data cleaning and quality,0.10,,
DA-R04,DA-01,stakeholder_communication,Stakeholder communication,0.15,,
DA-R04,DA-02,sql,SQL on event data,0.25,,
DA-R04,DA-02,experimentation,Experiment design and analysis,0.20,,
DA-R04,DA-02,product_metrics,Product metrics,0.20,,
DA-R04,DA-02,python_analysis,Python or R for analysis,0.10,,
DA-R04,DA-02,dashboarding,Dashboarding,0.10,,
DA-R04,DA-02,stakeholder_communication,Stakeholder communication,0.15,,
SE-R02,SE-01,backend_language,Backend programming language,0.20,,
SE-R02,SE-01,api_design,API design and development,0.20,,
SE-R02,SE-01,relational_databases,Relational databases,0.15,,
SE-R02,SE-01,automated_testing,Automated testing,0.15,,
SE-R02,SE-01,cloud_deployment,"Containers, cloud and CI/CD",0.15,,
SE-R02,SE-01,production_debugging,Production support and debugging,0.10,,
SE-R02,SE-01,collaboration,Code review and collaboration,0.05,,
SE-R02,SE-02,javascript_typescript,JavaScript and TypeScript,0.20,,
SE-R02,SE-02,react,React,0.20,,
SE-R02,SE-02,accessibility_responsive,Accessibility and responsive design,0.15,,
SE-R02,SE-02,frontend_testing,Frontend testing,0.15,,
SE-R02,SE-02,api_integration,API integration and state,0.15,,
SE-R02,SE-02,web_performance,Web performance,0.10,,
SE-R02,SE-02,design_collaboration,Design collaboration,0.05,,
DA-R07,DA-01,sql,SQL querying,0.25,,
DA-R07,DA-01,spreadsheet_analysis,Spreadsheet analysis,0.15,,
DA-R07,DA-01,dashboarding,Dashboarding and BI,0.20,,
DA-R07,DA-01,statistical_reasoning,Statistical reasoning and forecasting,0.15,,
DA-R07,DA-01,data_quality,Data cleaning and quality,0.10,,
DA-R07,DA-01,stakeholder_communication,Stakeholder communication,0.15,,
DA-R07,DA-02,sql,SQL on event data,0.25,,
DA-R07,DA-02,experimentation,Experiment design and analysis,0.20,,
DA-R07,DA-02,product_metrics,Product metrics,0.20,,
DA-R07,DA-02,python_analysis,Python or R for analysis,0.10,,
DA-R07,DA-02,dashboarding,Dashboarding,0.10,,
DA-R07,DA-02,stakeholder_communication,Stakeholder communication,0.15,,
SE-R08,SE-01,backend_language,Backend programming language,0.20,,
SE-R08,SE-01,api_design,API design and development,0.20,,
SE-R08,SE-01,relational_databases,Relational databases,0.15,,
SE-R08,SE-01,automated_testing,Automated testing,0.15,,
SE-R08,SE-01,cloud_deployment,"Containers, cloud and CI/CD",0.15,,
SE-R08,SE-01,production_debugging,Production support and debugging,0.10,,
SE-R08,SE-01,collaboration,Code review and collaboration,0.05,,
SE-R08,SE-02,javascript_typescript,JavaScript and TypeScript,0.20,,
SE-R08,SE-02,react,React,0.20,,
SE-R08,SE-02,accessibility_responsive,Accessibility and responsive design,0.15,,
SE-R08,SE-02,frontend_testing,Frontend testing,0.15,,
SE-R08,SE-02,api_integration,API integration and state,0.15,,
SE-R08,SE-02,web_performance,Web performance,0.10,,
SE-R08,SE-02,design_collaboration,Design collaboration,0.05,,
SE-R04,SE-01,backend_language,Backend programming language,0.20,,
SE-R04,SE-01,api_design,API design and development,0.20,,
SE-R04,SE-01,relational_databases,Relational databases,0.15,,
SE-R04,SE-01,automated_testing,Automated testing,0.15,,
SE-R04,SE-01,cloud_deployment,"Containers, cloud and CI/CD",0.15,,
SE-R04,SE-01,production_debugging,Production support and debugging,0.10,,
SE-R04,SE-01,collaboration,Code review and collaboration,0.05,,
SE-R04,SE-02,javascript_typescript,JavaScript and TypeScript,0.20,,
SE-R04,SE-02,react,React,0.20,,
SE-R04,SE-02,accessibility_responsive,Accessibility and responsive design,0.15,,
SE-R04,SE-02,frontend_testing,Frontend testing,0.15,,
SE-R04,SE-02,api_integration,API integration and state,0.15,,
SE-R04,SE-02,web_performance,Web performance,0.10,,
SE-R04,SE-02,design_collaboration,Design collaboration,0.05,,
DA-R01,DA-01,sql,SQL querying,0.25,,
DA-R01,DA-01,spreadsheet_analysis,Spreadsheet analysis,0.15,,
DA-R01,DA-01,dashboarding,Dashboarding and BI,0.20,,
DA-R01,DA-01,statistical_reasoning,Statistical reasoning and forecasting,0.15,,
DA-R01,DA-01,data_quality,Data cleaning and quality,0.10,,
DA-R01,DA-01,stakeholder_communication,Stakeholder communication,0.15,,
DA-R01,DA-02,sql,SQL on event data,0.25,,
DA-R01,DA-02,experimentation,Experiment design and analysis,0.20,,
DA-R01,DA-02,product_metrics,Product metrics,0.20,,
DA-R01,DA-02,python_analysis,Python or R for analysis,0.10,,
DA-R01,DA-02,dashboarding,Dashboarding,0.10,,
DA-R01,DA-02,stakeholder_communication,Stakeholder communication,0.15,,
MA-R01,MA-01,paid_media,Paid media platforms,0.20,,
MA-R01,MA-01,funnel_attribution,Funnel and attribution analysis,0.20,,
MA-R01,MA-01,campaign_testing,Campaign testing,0.15,,
MA-R01,MA-01,data_tools,SQL and spreadsheets,0.15,,
MA-R01,MA-01,budget_optimisation,Budget and efficiency optimisation,0.15,,
MA-R01,MA-01,reporting_dashboards,Reporting dashboards,0.10,,
MA-R01,MA-01,stakeholder_communication,Stakeholder communication,0.05,,
MA-R01,MA-02,customer_segmentation,Customer segmentation,0.20,,
MA-R01,MA-02,retention_analysis,Retention and lifetime value,0.20,,
MA-R01,MA-02,crm_platforms,CRM and campaign platforms,0.15,,
MA-R01,MA-02,data_tools,"SQL, spreadsheets or Python",0.20,,
MA-R01,MA-02,survey_research,Survey and customer research,0.10,,
MA-R01,MA-02,insight_storytelling,Insight storytelling,0.15,,
DA-R02,DA-01,sql,SQL querying,0.25,,
DA-R02,DA-01,spreadsheet_analysis,Spreadsheet analysis,0.15,,
DA-R02,DA-01,dashboarding,Dashboarding and BI,0.20,,
DA-R02,DA-01,statistical_reasoning,Statistical reasoning and forecasting,0.15,,
DA-R02,DA-01,data_quality,Data cleaning and quality,0.10,,
DA-R02,DA-01,stakeholder_communication,Stakeholder communication,0.15,,
DA-R02,DA-02,sql,SQL on event data,0.25,,
DA-R02,DA-02,experimentation,Experiment design and analysis,0.20,,
DA-R02,DA-02,product_metrics,Product metrics,0.20,,
DA-R02,DA-02,python_analysis,Python or R for analysis,0.10,,
DA-R02,DA-02,dashboarding,Dashboarding,0.10,,
DA-R02,DA-02,stakeholder_communication,Stakeholder communication,0.15,,
SE-R03,SE-01,backend_language,Backend programming language,0.20,,
SE-R03,SE-01,api_design,API design and development,0.20,,
SE-R03,SE-01,relational_databases,Relational databases,0.15,,
SE-R03,SE-01,automated_testing,Automated testing,0.15,,
SE-R03,SE-01,cloud_deployment,"Containers, cloud and CI/CD",0.15,,
SE-R03,SE-01,production_debugging,Production support and debugging,0.10,,
SE-R03,SE-01,collaboration,Code review and collaboration,0.05,,
SE-R03,SE-02,javascript_typescript,JavaScript and TypeScript,0.20,,
SE-R03,SE-02,react,React,0.20,,
SE-R03,SE-02,accessibility_responsive,Accessibility and responsive design,0.15,,
SE-R03,SE-02,frontend_testing,Frontend testing,0.15,,
SE-R03,SE-02,api_integration,API integration and state,0.15,,
SE-R03,SE-02,web_performance,Web performance,0.10,,
SE-R03,SE-02,design_collaboration,Design collaboration,0.05,,
MA-R08,MA-01,paid_media,Paid media platforms,0.20,,
MA-R08,MA-01,funnel_attribution,Funnel and attribution analysis,0.20,,
MA-R08,MA-01,campaign_testing,Campaign testing,0.15,,
MA-R08,MA-01,data_tools,SQL and spreadsheets,0.15,,
MA-R08,MA-01,budget_optimisation,Budget and efficiency optimisation,0.15,,
MA-R08,MA-01,reporting_dashboards,Reporting dashboards,0.10,,
MA-R08,MA-01,stakeholder_communication,Stakeholder communication,0.05,,
MA-R08,MA-02,customer_segmentation,Customer segmentation,0.20,,
MA-R08,MA-02,retention_analysis,Retention and lifetime value,0.20,,
MA-R08,MA-02,crm_platforms,CRM and campaign platforms,0.15,,
MA-R08,MA-02,data_tools,"SQL, spreadsheets or Python",0.20,,
MA-R08,MA-02,survey_research,Survey and customer research,0.10,,
MA-R08,MA-02,insight_storytelling,Insight storytelling,0.15,,
MA-R04,MA-01,paid_media,Paid media platforms,0.20,,
MA-R04,MA-01,funnel_attribution,Funnel and attribution analysis,0.20,,
MA-R04,MA-01,campaign_testing,Campaign testing,0.15,,
MA-R04,MA-01,data_tools,SQL and spreadsheets,0.15,,
MA-R04,MA-01,budget_optimisation,Budget and efficiency optimisation,0.15,,
MA-R04,MA-01,reporting_dashboards,Reporting dashboards,0.10,,
MA-R04,MA-01,stakeholder_communication,Stakeholder communication,0.05,,
MA-R04,MA-02,customer_segmentation,Customer segmentation,0.20,,
MA-R04,MA-02,retention_analysis,Retention and lifetime value,0.20,,
MA-R04,MA-02,crm_platforms,CRM and campaign platforms,0.15,,
MA-R04,MA-02,data_tools,"SQL, spreadsheets or Python",0.20,,
MA-R04,MA-02,survey_research,Survey and customer research,0.10,,
MA-R04,MA-02,insight_storytelling,Insight storytelling,0.15,,
DA-R08,DA-01,sql,SQL querying,0.25,,
DA-R08,DA-01,spreadsheet_analysis,Spreadsheet analysis,0.15,,
DA-R08,DA-01,dashboarding,Dashboarding and BI,0.20,,
DA-R08,DA-01,statistical_reasoning,Statistical reasoning and forecasting,0.15,,
DA-R08,DA-01,data_quality,Data cleaning and quality,0.10,,
DA-R08,DA-01,stakeholder_communication,Stakeholder communication,0.15,,
DA-R08,DA-02,sql,SQL on event data,0.25,,
DA-R08,DA-02,experimentation,Experiment design and analysis,0.20,,
DA-R08,DA-02,product_metrics,Product metrics,0.20,,
DA-R08,DA-02,python_analysis,Python or R for analysis,0.10,,
DA-R08,DA-02,dashboarding,Dashboarding,0.10,,
DA-R08,DA-02,stakeholder_communication,Stakeholder communication,0.15,,
MA-R06,MA-01,paid_media,Paid media platforms,0.20,,
MA-R06,MA-01,funnel_attribution,Funnel and attribution analysis,0.20,,
MA-R06,MA-01,campaign_testing,Campaign testing,0.15,,
MA-R06,MA-01,data_tools,SQL and spreadsheets,0.15,,
MA-R06,MA-01,budget_optimisation,Budget and efficiency optimisation,0.15,,
MA-R06,MA-01,reporting_dashboards,Reporting dashboards,0.10,,
MA-R06,MA-01,stakeholder_communication,Stakeholder communication,0.05,,
MA-R06,MA-02,customer_segmentation,Customer segmentation,0.20,,
MA-R06,MA-02,retention_analysis,Retention and lifetime value,0.20,,
MA-R06,MA-02,crm_platforms,CRM and campaign platforms,0.15,,
MA-R06,MA-02,data_tools,"SQL, spreadsheets or Python",0.20,,
MA-R06,MA-02,survey_research,Survey and customer research,0.10,,
MA-R06,MA-02,insight_storytelling,Insight storytelling,0.15,,
DA-R05,DA-01,sql,SQL querying,0.25,,
DA-R05,DA-01,spreadsheet_analysis,Spreadsheet analysis,0.15,,
DA-R05,DA-01,dashboarding,Dashboarding and BI,0.20,,
DA-R05,DA-01,statistical_reasoning,Statistical reasoning and forecasting,0.15,,
DA-R05,DA-01,data_quality,Data cleaning and quality,0.10,,
DA-R05,DA-01,stakeholder_communication,Stakeholder communication,0.15,,
DA-R05,DA-02,sql,SQL on event data,0.25,,
DA-R05,DA-02,experimentation,Experiment design and analysis,0.20,,
DA-R05,DA-02,product_metrics,Product metrics,0.20,,
DA-R05,DA-02,python_analysis,Python or R for analysis,0.10,,
DA-R05,DA-02,dashboarding,Dashboarding,0.10,,
DA-R05,DA-02,stakeholder_communication,Stakeholder communication,0.15,,
MA-R07,MA-01,paid_media,Paid media platforms,0.20,,
MA-R07,MA-01,funnel_attribution,Funnel and attribution analysis,0.20,,
MA-R07,MA-01,campaign_testing,Campaign testing,0.15,,
MA-R07,MA-01,data_tools,SQL and spreadsheets,0.15,,
MA-R07,MA-01,budget_optimisation,Budget and efficiency optimisation,0.15,,
MA-R07,MA-01,reporting_dashboards,Reporting dashboards,0.10,,
MA-R07,MA-01,stakeholder_communication,Stakeholder communication,0.05,,
MA-R07,MA-02,customer_segmentation,Customer segmentation,0.20,,
MA-R07,MA-02,retention_analysis,Retention and lifetime value,0.20,,
MA-R07,MA-02,crm_platforms,CRM and campaign platforms,0.15,,
MA-R07,MA-02,data_tools,"SQL, spreadsheets or Python",0.20,,
MA-R07,MA-02,survey_research,Survey and customer research,0.10,,
MA-R07,MA-02,insight_storytelling,Insight storytelling,0.15,,
MA-R02,MA-01,paid_media,Paid media platforms,0.20,,
MA-R02,MA-01,funnel_attribution,Funnel and attribution analysis,0.20,,
MA-R02,MA-01,campaign_testing,Campaign testing,0.15,,
MA-R02,MA-01,data_tools,SQL and spreadsheets,0.15,,
MA-R02,MA-01,budget_optimisation,Budget and efficiency optimisation,0.15,,
MA-R02,MA-01,reporting_dashboards,Reporting dashboards,0.10,,
MA-R02,MA-01,stakeholder_communication,Stakeholder communication,0.05,,
MA-R02,MA-02,customer_segmentation,Customer segmentation,0.20,,
MA-R02,MA-02,retention_analysis,Retention and lifetime value,0.20,,
MA-R02,MA-02,crm_platforms,CRM and campaign platforms,0.15,,
MA-R02,MA-02,data_tools,"SQL, spreadsheets or Python",0.20,,
MA-R02,MA-02,survey_research,Survey and customer research,0.10,,
MA-R02,MA-02,insight_storytelling,Insight storytelling,0.15,,
SE-R01,SE-01,backend_language,Backend programming language,0.20,,
SE-R01,SE-01,api_design,API design and development,0.20,,
SE-R01,SE-01,relational_databases,Relational databases,0.15,,
SE-R01,SE-01,automated_testing,Automated testing,0.15,,
SE-R01,SE-01,cloud_deployment,"Containers, cloud and CI/CD",0.15,,
SE-R01,SE-01,production_debugging,Production support and debugging,0.10,,
SE-R01,SE-01,collaboration,Code review and collaboration,0.05,,
SE-R01,SE-02,javascript_typescript,JavaScript and TypeScript,0.20,,
SE-R01,SE-02,react,React,0.20,,
SE-R01,SE-02,accessibility_responsive,Accessibility and responsive design,0.15,,
SE-R01,SE-02,frontend_testing,Frontend testing,0.15,,
SE-R01,SE-02,api_integration,API integration and state,0.15,,
SE-R01,SE-02,web_performance,Web performance,0.10,,
SE-R01,SE-02,design_collaboration,Design collaboration,0.05,,
MA-R05,MA-01,paid_media,Paid media platforms,0.20,,
MA-R05,MA-01,funnel_attribution,Funnel and attribution analysis,0.20,,
MA-R05,MA-01,campaign_testing,Campaign testing,0.15,,
MA-R05,MA-01,data_tools,SQL and spreadsheets,0.15,,
MA-R05,MA-01,budget_optimisation,Budget and efficiency optimisation,0.15,,
MA-R05,MA-01,reporting_dashboards,Reporting dashboards,0.10,,
MA-R05,MA-01,stakeholder_communication,Stakeholder communication,0.05,,
MA-R05,MA-02,customer_segmentation,Customer segmentation,0.20,,
MA-R05,MA-02,retention_analysis,Retention and lifetime value,0.20,,
MA-R05,MA-02,crm_platforms,CRM and campaign platforms,0.15,,
MA-R05,MA-02,data_tools,"SQL, spreadsheets or Python",0.20,,
MA-R05,MA-02,survey_research,Survey and customer research,0.10,,
MA-R05,MA-02,insight_storytelling,Insight storytelling,0.15,,
