table,method,mitigation,subject,metric,value,low,high,n
relevance,embedding,none,intended_tier,tier_accuracy,0.826389,0.763889,0.888889,144
relevance,embedding,none,intended_tier,spearman_mean,0.707528,0.341565,0.927105,6
relevance,embedding,anonymised,intended_tier,tier_accuracy,0.895833,0.840278,0.944444,144
relevance,embedding,anonymised,intended_tier,spearman_mean,0.821383,0.341565,0.975900,6
relevance,embedding,structured_evidence,intended_tier,tier_accuracy,0.854167,0.791667,0.909722,144
relevance,embedding,structured_evidence,intended_tier,spearman_mean,0.772588,0.487950,0.975900,6
relevance,embedding_sectioned,none,intended_tier,tier_accuracy,0.888889,0.833333,0.937500,144
relevance,embedding_sectioned,none,intended_tier,spearman_mean,0.813250,0.585540,0.975900,6
relevance,embedding_sectioned,anonymised,intended_tier,tier_accuracy,0.888889,0.833333,0.937500,144
relevance,embedding_sectioned,anonymised,intended_tier,spearman_mean,0.813250,0.585540,0.975900,6
relevance,keyword,none,intended_tier,tier_accuracy,0.958333,0.923611,0.986111,144
relevance,keyword,none,intended_tier,spearman_mean,0.936237,0.850000,0.987730,6
pair_gaps,embedding,none,name_cue:female_minus_male,mean_signed_gap,-0.048275,-0.433886,0.315390,24
pair_gaps,embedding,none,name_cue:female_minus_male,mean_abs_gap,0.957199,0.755825,1.162652,24
pair_gaps,embedding,none,name_cue:female_minus_male,share_material,0.083333,,,48
pair_gaps,embedding,none,name_cue:female_minus_male,p_holm,1.000000,,,24
pair_gaps,embedding,none,name_cue:malay_minus_chinese,mean_signed_gap,0.705156,0.183618,1.199372,24
pair_gaps,embedding,none,name_cue:malay_minus_chinese,mean_abs_gap,1.599365,1.380240,1.813826,24
pair_gaps,embedding,none,name_cue:malay_minus_chinese,share_material,0.354167,,,48
pair_gaps,embedding,none,name_cue:malay_minus_chinese,p_holm,0.272187,,,24
pair_gaps,embedding,none,name_cue:indian_minus_chinese,mean_signed_gap,0.922037,0.180212,1.660249,24
pair_gaps,embedding,none,name_cue:indian_minus_chinese,mean_abs_gap,1.970094,1.613747,2.353956,24
pair_gaps,embedding,none,name_cue:indian_minus_chinese,share_material,0.437500,,,48
pair_gaps,embedding,none,name_cue:indian_minus_chinese,p_holm,0.637795,,,24
pair_gaps,embedding,none,name_cue:indian_minus_malay,mean_signed_gap,0.216881,-0.532113,0.959697,24
pair_gaps,embedding,none,name_cue:indian_minus_malay,mean_abs_gap,1.580153,1.194881,2.010334,24
pair_gaps,embedding,none,name_cue:indian_minus_malay,share_material,0.291667,,,48
pair_gaps,embedding,none,name_cue:indian_minus_malay,p_holm,1.000000,,,24
pair_gaps,embedding,none,name_cue:name_spread,mean_abs_gap,4.323243,3.803802,4.872156,24
pair_gaps,embedding,none,name_cue:name_spread,share_material,0.958333,,,48
pair_gaps,embedding,none,name_cue:name_spread,flip_rate,0.145833,,,48
pair_gaps,embedding,none,career_gap:with_break_minus_without,mean_signed_gap,0.380674,-0.229281,1.172281,24
pair_gaps,embedding,none,career_gap:with_break_minus_without,mean_abs_gap,1.183555,0.741134,1.831552,24
pair_gaps,embedding,none,career_gap:with_break_minus_without,share_material,0.145833,,,48
pair_gaps,embedding,none,career_gap:with_break_minus_without,flip_rate,0.041667,,,48
pair_gaps,embedding,none,career_gap:with_break_minus_without,p_holm,1.000000,,,24
pair_gaps,embedding,none,institution:higher_minus_comparison,mean_signed_gap,0.125787,-0.060301,0.305654,24
pair_gaps,embedding,none,institution:higher_minus_comparison,mean_abs_gap,0.407814,0.303447,0.519663,24
pair_gaps,embedding,none,institution:higher_minus_comparison,share_material,0,,,48
pair_gaps,embedding,none,institution:higher_minus_comparison,flip_rate,0.020833,,,48
pair_gaps,embedding,none,institution:higher_minus_comparison,p_holm,1.000000,,,24
pair_gaps,embedding,none,formatting:alternative_minus_standard,mean_signed_gap,-0.755345,-1.696630,0.207778,24
pair_gaps,embedding,none,formatting:alternative_minus_standard,mean_abs_gap,2.017890,1.442332,2.645717,24
pair_gaps,embedding,none,formatting:alternative_minus_standard,share_material,0.333333,,,48
pair_gaps,embedding,none,formatting:alternative_minus_standard,flip_rate,0.083333,,,48
pair_gaps,embedding,none,formatting:alternative_minus_standard,p_holm,1.000000,,,24
pair_gaps,embedding,anonymised,name_cue:female_minus_male,mean_signed_gap,0.000000,0.000000,0.000000,24
pair_gaps,embedding,anonymised,name_cue:female_minus_male,mean_abs_gap,0.000000,0.000000,0.000000,24
pair_gaps,embedding,anonymised,name_cue:female_minus_male,share_material,0,,,48
pair_gaps,embedding,anonymised,name_cue:malay_minus_chinese,mean_signed_gap,0.000000,0.000000,0.000000,24
pair_gaps,embedding,anonymised,name_cue:malay_minus_chinese,mean_abs_gap,0.000000,0.000000,0.000000,24
pair_gaps,embedding,anonymised,name_cue:malay_minus_chinese,share_material,0,,,48
pair_gaps,embedding,anonymised,name_cue:indian_minus_chinese,mean_signed_gap,0.000000,0.000000,0.000000,24
pair_gaps,embedding,anonymised,name_cue:indian_minus_chinese,mean_abs_gap,0.000000,0.000000,0.000000,24
pair_gaps,embedding,anonymised,name_cue:indian_minus_chinese,share_material,0,,,48
pair_gaps,embedding,anonymised,name_cue:indian_minus_malay,mean_signed_gap,0.000000,0.000000,0.000000,24
pair_gaps,embedding,anonymised,name_cue:indian_minus_malay,mean_abs_gap,0.000000,0.000000,0.000000,24
pair_gaps,embedding,anonymised,name_cue:indian_minus_malay,share_material,0,,,48
pair_gaps,embedding,anonymised,name_cue:name_spread,mean_abs_gap,0.000000,0.000000,0.000000,24
pair_gaps,embedding,anonymised,name_cue:name_spread,share_material,0,,,48
pair_gaps,embedding,anonymised,name_cue:name_spread,flip_rate,0,,,48
pair_gaps,embedding,anonymised,career_gap:with_break_minus_without,mean_signed_gap,0.156662,-0.559500,0.886656,24
pair_gaps,embedding,anonymised,career_gap:with_break_minus_without,mean_abs_gap,1.518317,1.116117,1.963768,24
pair_gaps,embedding,anonymised,career_gap:with_break_minus_without,share_material,0.291667,,,48
pair_gaps,embedding,anonymised,career_gap:with_break_minus_without,flip_rate,0.062500,,,48
pair_gaps,embedding,anonymised,career_gap:with_break_minus_without,p_holm,1.000000,,,24
pair_gaps,embedding,anonymised,institution:higher_minus_comparison,mean_signed_gap,0.025443,-0.157622,0.206320,24
pair_gaps,embedding,anonymised,institution:higher_minus_comparison,mean_abs_gap,0.374911,0.271690,0.493983,24
pair_gaps,embedding,anonymised,institution:higher_minus_comparison,share_material,0,,,48
pair_gaps,embedding,anonymised,institution:higher_minus_comparison,flip_rate,0,,,48
pair_gaps,embedding,anonymised,institution:higher_minus_comparison,p_holm,1.000000,,,24
pair_gaps,embedding,anonymised,formatting:alternative_minus_standard,mean_signed_gap,-0.647256,-1.711688,0.302206,24
pair_gaps,embedding,anonymised,formatting:alternative_minus_standard,mean_abs_gap,1.942884,1.334146,2.723475,24
pair_gaps,embedding,anonymised,formatting:alternative_minus_standard,share_material,0.354167,,,48
pair_gaps,embedding,anonymised,formatting:alternative_minus_standard,flip_rate,0.020833,,,48
pair_gaps,embedding,anonymised,formatting:alternative_minus_standard,p_holm,1.000000,,,24
pair_gaps,embedding,structured_evidence,name_cue:female_minus_male,mean_signed_gap,0.000000,0.000000,0.000000,24
pair_gaps,embedding,structured_evidence,name_cue:female_minus_male,mean_abs_gap,0.000000,0.000000,0.000000,24
pair_gaps,embedding,structured_evidence,name_cue:female_minus_male,share_material,0,,,48
pair_gaps,embedding,structured_evidence,name_cue:malay_minus_chinese,mean_signed_gap,0.000000,0.000000,0.000000,24
pair_gaps,embedding,structured_evidence,name_cue:malay_minus_chinese,mean_abs_gap,0.000000,0.000000,0.000000,24
pair_gaps,embedding,structured_evidence,name_cue:malay_minus_chinese,share_material,0,,,48
pair_gaps,embedding,structured_evidence,name_cue:indian_minus_chinese,mean_signed_gap,0.000000,0.000000,0.000000,24
pair_gaps,embedding,structured_evidence,name_cue:indian_minus_chinese,mean_abs_gap,0.000000,0.000000,0.000000,24
pair_gaps,embedding,structured_evidence,name_cue:indian_minus_chinese,share_material,0,,,48
pair_gaps,embedding,structured_evidence,name_cue:indian_minus_malay,mean_signed_gap,0.000000,0.000000,0.000000,24
pair_gaps,embedding,structured_evidence,name_cue:indian_minus_malay,mean_abs_gap,0.000000,0.000000,0.000000,24
pair_gaps,embedding,structured_evidence,name_cue:indian_minus_malay,share_material,0,,,48
pair_gaps,embedding,structured_evidence,name_cue:name_spread,mean_abs_gap,0.000000,0.000000,0.000000,24
pair_gaps,embedding,structured_evidence,name_cue:name_spread,share_material,0,,,48
pair_gaps,embedding,structured_evidence,name_cue:name_spread,flip_rate,0,,,48
pair_gaps,embedding,structured_evidence,career_gap:with_break_minus_without,mean_signed_gap,0.000000,0.000000,0.000000,24
pair_gaps,embedding,structured_evidence,career_gap:with_break_minus_without,mean_abs_gap,0.000000,0.000000,0.000000,24
pair_gaps,embedding,structured_evidence,career_gap:with_break_minus_without,share_material,0,,,48
pair_gaps,embedding,structured_evidence,career_gap:with_break_minus_without,flip_rate,0,,,48
pair_gaps,embedding,structured_evidence,institution:higher_minus_comparison,mean_signed_gap,0.000000,0.000000,0.000000,24
pair_gaps,embedding,structured_evidence,institution:higher_minus_comparison,mean_abs_gap,0.000000,0.000000,0.000000,24
pair_gaps,embedding,structured_evidence,institution:higher_minus_comparison,share_material,0,,,48
pair_gaps,embedding,structured_evidence,institution:higher_minus_comparison,flip_rate,0,,,48
pair_gaps,embedding,structured_evidence,formatting:alternative_minus_standard,mean_signed_gap,0.000000,0.000000,0.000000,24
pair_gaps,embedding,structured_evidence,formatting:alternative_minus_standard,mean_abs_gap,0.000000,0.000000,0.000000,24
pair_gaps,embedding,structured_evidence,formatting:alternative_minus_standard,share_material,0,,,48
pair_gaps,embedding,structured_evidence,formatting:alternative_minus_standard,flip_rate,0,,,48
pair_gaps,embedding_sectioned,none,name_cue:female_minus_male,mean_signed_gap,-0.034082,-0.080865,0.014349,24
pair_gaps,embedding_sectioned,none,name_cue:female_minus_male,mean_abs_gap,0.127920,0.111858,0.144419,24
pair_gaps,embedding_sectioned,none,name_cue:female_minus_male,share_material,0,,,48
pair_gaps,embedding_sectioned,none,name_cue:female_minus_male,p_holm,1.000000,,,24
pair_gaps,embedding_sectioned,none,name_cue:malay_minus_chinese,mean_signed_gap,0.048774,-0.048896,0.140818,24
pair_gaps,embedding_sectioned,none,name_cue:malay_minus_chinese,mean_abs_gap,0.224516,0.180038,0.269912,24
pair_gaps,embedding_sectioned,none,name_cue:malay_minus_chinese,share_material,0,,,48
pair_gaps,embedding_sectioned,none,name_cue:malay_minus_chinese,p_holm,1.000000,,,24
pair_gaps,embedding_sectioned,none,name_cue:indian_minus_chinese,mean_signed_gap,0.063411,0.002057,0.125621,24
pair_gaps,embedding_sectioned,none,name_cue:indian_minus_chinese,mean_abs_gap,0.155047,0.122525,0.191526,24
pair_gaps,embedding_sectioned,none,name_cue:indian_minus_chinese,share_material,0,,,48
pair_gaps,embedding_sectioned,none,name_cue:indian_minus_chinese,p_holm,1.000000,,,24
pair_gaps,embedding_sectioned,none,name_cue:indian_minus_malay,mean_signed_gap,0.014636,-0.072070,0.108867,24
pair_gaps,embedding_sectioned,none,name_cue:indian_minus_malay,mean_abs_gap,0.174524,0.116593,0.235907,24
pair_gaps,embedding_sectioned,none,name_cue:indian_minus_malay,share_material,0,,,48
pair_gaps,embedding_sectioned,none,name_cue:indian_minus_malay,p_holm,1.000000,,,24
pair_gaps,embedding_sectioned,none,name_cue:name_spread,mean_abs_gap,0.464202,0.422546,0.506179,24
pair_gaps,embedding_sectioned,none,name_cue:name_spread,share_material,0,,,48
pair_gaps,embedding_sectioned,none,name_cue:name_spread,flip_rate,0.020833,,,48
pair_gaps,embedding_sectioned,none,career_gap:with_break_minus_without,mean_signed_gap,0.493094,0.232708,0.750906,24
pair_gaps,embedding_sectioned,none,career_gap:with_break_minus_without,mean_abs_gap,0.733774,0.577961,0.902392,24
pair_gaps,embedding_sectioned,none,career_gap:with_break_minus_without,share_material,0,,,48
pair_gaps,embedding_sectioned,none,career_gap:with_break_minus_without,flip_rate,0.062500,,,48
pair_gaps,embedding_sectioned,none,career_gap:with_break_minus_without,p_holm,0.019668,,,24
pair_gaps,embedding_sectioned,none,institution:higher_minus_comparison,mean_signed_gap,-0.177126,-0.290405,-0.064310,24
pair_gaps,embedding_sectioned,none,institution:higher_minus_comparison,mean_abs_gap,0.272986,0.197402,0.353784,24
pair_gaps,embedding_sectioned,none,institution:higher_minus_comparison,share_material,0,,,48
pair_gaps,embedding_sectioned,none,institution:higher_minus_comparison,flip_rate,0,,,48
pair_gaps,embedding_sectioned,none,institution:higher_minus_comparison,p_holm,0.076971,,,24
pair_gaps,embedding_sectioned,none,formatting:alternative_minus_standard,mean_signed_gap,-0.469501,-0.650393,-0.295655,24
pair_gaps,embedding_sectioned,none,formatting:alternative_minus_standard,mean_abs_gap,0.527421,0.386633,0.683093,24
pair_gaps,embedding_sectioned,none,formatting:alternative_minus_standard,share_material,0,,,48
pair_gaps,embedding_sectioned,none,formatting:alternative_minus_standard,flip_rate,0,,,48
pair_gaps,embedding_sectioned,none,formatting:alternative_minus_standard,p_holm,0.000494,,,24
pair_gaps,embedding_sectioned,anonymised,name_cue:female_minus_male,mean_signed_gap,0.000000,0.000000,0.000000,24
pair_gaps,embedding_sectioned,anonymised,name_cue:female_minus_male,mean_abs_gap,0.000000,0.000000,0.000000,24
pair_gaps,embedding_sectioned,anonymised,name_cue:female_minus_male,share_material,0,,,48
pair_gaps,embedding_sectioned,anonymised,name_cue:malay_minus_chinese,mean_signed_gap,0.000000,0.000000,0.000000,24
pair_gaps,embedding_sectioned,anonymised,name_cue:malay_minus_chinese,mean_abs_gap,0.000000,0.000000,0.000000,24
pair_gaps,embedding_sectioned,anonymised,name_cue:malay_minus_chinese,share_material,0,,,48
pair_gaps,embedding_sectioned,anonymised,name_cue:indian_minus_chinese,mean_signed_gap,0.000000,0.000000,0.000000,24
pair_gaps,embedding_sectioned,anonymised,name_cue:indian_minus_chinese,mean_abs_gap,0.000000,0.000000,0.000000,24
pair_gaps,embedding_sectioned,anonymised,name_cue:indian_minus_chinese,share_material,0,,,48
pair_gaps,embedding_sectioned,anonymised,name_cue:indian_minus_malay,mean_signed_gap,0.000000,0.000000,0.000000,24
pair_gaps,embedding_sectioned,anonymised,name_cue:indian_minus_malay,mean_abs_gap,0.000000,0.000000,0.000000,24
pair_gaps,embedding_sectioned,anonymised,name_cue:indian_minus_malay,share_material,0,,,48
pair_gaps,embedding_sectioned,anonymised,name_cue:name_spread,mean_abs_gap,0.000000,0.000000,0.000000,24
pair_gaps,embedding_sectioned,anonymised,name_cue:name_spread,share_material,0,,,48
pair_gaps,embedding_sectioned,anonymised,name_cue:name_spread,flip_rate,0,,,48
pair_gaps,embedding_sectioned,anonymised,career_gap:with_break_minus_without,mean_signed_gap,0.493094,0.232708,0.750906,24
pair_gaps,embedding_sectioned,anonymised,career_gap:with_break_minus_without,mean_abs_gap,0.733774,0.577961,0.902392,24
pair_gaps,embedding_sectioned,anonymised,career_gap:with_break_minus_without,share_material,0,,,48
pair_gaps,embedding_sectioned,anonymised,career_gap:with_break_minus_without,flip_rate,0.041667,,,48
pair_gaps,embedding_sectioned,anonymised,career_gap:with_break_minus_without,p_holm,0.019668,,,24
pair_gaps,embedding_sectioned,anonymised,institution:higher_minus_comparison,mean_signed_gap,-0.177126,-0.290405,-0.064310,24
pair_gaps,embedding_sectioned,anonymised,institution:higher_minus_comparison,mean_abs_gap,0.272986,0.197402,0.353784,24
pair_gaps,embedding_sectioned,anonymised,institution:higher_minus_comparison,share_material,0,,,48
pair_gaps,embedding_sectioned,anonymised,institution:higher_minus_comparison,flip_rate,0,,,48
pair_gaps,embedding_sectioned,anonymised,institution:higher_minus_comparison,p_holm,0.076971,,,24
pair_gaps,embedding_sectioned,anonymised,formatting:alternative_minus_standard,mean_signed_gap,-0.469501,-0.650393,-0.295656,24
pair_gaps,embedding_sectioned,anonymised,formatting:alternative_minus_standard,mean_abs_gap,0.527421,0.386634,0.683093,24
pair_gaps,embedding_sectioned,anonymised,formatting:alternative_minus_standard,share_material,0,,,48
pair_gaps,embedding_sectioned,anonymised,formatting:alternative_minus_standard,flip_rate,0.020833,,,48
pair_gaps,embedding_sectioned,anonymised,formatting:alternative_minus_standard,p_holm,0.000494,,,24
pair_gaps,keyword,none,name_cue:female_minus_male,mean_signed_gap,0.000000,0.000000,0.000000,24
pair_gaps,keyword,none,name_cue:female_minus_male,mean_abs_gap,0.000000,0.000000,0.000000,24
pair_gaps,keyword,none,name_cue:female_minus_male,share_material,0,,,48
pair_gaps,keyword,none,name_cue:malay_minus_chinese,mean_signed_gap,0.000000,0.000000,0.000000,24
pair_gaps,keyword,none,name_cue:malay_minus_chinese,mean_abs_gap,0.000000,0.000000,0.000000,24
pair_gaps,keyword,none,name_cue:malay_minus_chinese,share_material,0,,,48
pair_gaps,keyword,none,name_cue:indian_minus_chinese,mean_signed_gap,0.000000,0.000000,0.000000,24
pair_gaps,keyword,none,name_cue:indian_minus_chinese,mean_abs_gap,0.000000,0.000000,0.000000,24
pair_gaps,keyword,none,name_cue:indian_minus_chinese,share_material,0,,,48
pair_gaps,keyword,none,name_cue:indian_minus_malay,mean_signed_gap,0.000000,0.000000,0.000000,24
pair_gaps,keyword,none,name_cue:indian_minus_malay,mean_abs_gap,0.000000,0.000000,0.000000,24
pair_gaps,keyword,none,name_cue:indian_minus_malay,share_material,0,,,48
pair_gaps,keyword,none,name_cue:name_spread,mean_abs_gap,0.000000,0.000000,0.000000,24
pair_gaps,keyword,none,name_cue:name_spread,share_material,0,,,48
pair_gaps,keyword,none,name_cue:name_spread,flip_rate,0,,,48
pair_gaps,keyword,none,career_gap:with_break_minus_without,mean_signed_gap,0.000000,0.000000,0.000000,24
pair_gaps,keyword,none,career_gap:with_break_minus_without,mean_abs_gap,0.000000,0.000000,0.000000,24
pair_gaps,keyword,none,career_gap:with_break_minus_without,share_material,0,,,48
pair_gaps,keyword,none,career_gap:with_break_minus_without,flip_rate,0,,,48
pair_gaps,keyword,none,institution:higher_minus_comparison,mean_signed_gap,0.000000,0.000000,0.000000,24
pair_gaps,keyword,none,institution:higher_minus_comparison,mean_abs_gap,0.000000,0.000000,0.000000,24
pair_gaps,keyword,none,institution:higher_minus_comparison,share_material,0,,,48
pair_gaps,keyword,none,institution:higher_minus_comparison,flip_rate,0,,,48
pair_gaps,keyword,none,formatting:alternative_minus_standard,mean_signed_gap,0.000000,0.000000,0.000000,24
pair_gaps,keyword,none,formatting:alternative_minus_standard,mean_abs_gap,0.000000,0.000000,0.000000,24
pair_gaps,keyword,none,formatting:alternative_minus_standard,share_material,0,,,48
pair_gaps,keyword,none,formatting:alternative_minus_standard,flip_rate,0,,,48
stability,embedding,none,formatting,format_topk_jaccard,0.800000,,,6
stability,embedding,none,repeat_runs,mean_within_sample_sd,0.000000,,,1
stability,embedding,anonymised,formatting,format_topk_jaccard,0.933333,,,6
stability,embedding,anonymised,repeat_runs,mean_within_sample_sd,0.000000,,,1
stability,embedding,structured_evidence,formatting,format_topk_jaccard,1.000000,,,6
stability,embedding,structured_evidence,repeat_runs,mean_within_sample_sd,0.000000,,,1
stability,embedding_sectioned,none,formatting,format_topk_jaccard,1.000000,,,6
stability,embedding_sectioned,none,repeat_runs,mean_within_sample_sd,0.000000,,,1
stability,embedding_sectioned,anonymised,formatting,format_topk_jaccard,1.000000,,,6
stability,embedding_sectioned,anonymised,repeat_runs,mean_within_sample_sd,0.000000,,,1
stability,keyword,none,formatting,format_topk_jaccard,1.000000,,,6
stability,keyword,none,repeat_runs,mean_within_sample_sd,0.000000,,,1
